dates,utq,pdb,kak
1901-01-01,-28.1,-30.9,-28.906034
1901-02-01,-32.19368,-32.0,-33.600285
1901-03-01,-24.0,-23.7,-24.51055
1901-04-01,-22.0,-20.5,-21.700287
1901-05-01,-8.4,-7.4,-7.6108346
1901-06-01,1.4,3.2,2.0891652
1901-07-01,4.7,8.6,5.399715
1901-08-01,2.7936788,6.0,3.6
1901-09-01,0.0,1.0,0.6936789
1901-10-01,-8.693679,-8.0,-8.5
1901-11-01,-18.0,-22.4,-18.2
1901-12-01,-21.5,-23.5,-22.3
1902-01-01,-23.7,-26.8,-24.495487
1902-02-01,-25.3,-25.2,-26.706322
1902-03-01,-33.6,-33.0,-34.11055
1902-04-01,-21.0,-19.8,-20.700287
1902-05-01,-7.3,-6.5,-6.6108346
1902-06-01,2.2,4.1,2.7891653
1902-07-01,5.3,9.3,5.999429
1902-08-01,3.4936788,6.7,4.3
1902-09-01,-1.3,-0.1,-0.6063211
1902-10-01,-8.193679,-7.6,-8.0
1902-11-01,-21.9,-25.8,-22.08945
1902-12-01,-30.0,-32.2,-30.8
1903-01-01,-29.7,-32.7,-30.5
1903-02-01,-27.293678,-27.5,-28.700287
1903-03-01,-27.4,-27.2,-27.9
1903-04-01,-22.3,-21.0,-22.100286
1903-05-01,-8.4,-7.4,-7.6108346
1903-06-01,2.2,3.8,2.884652
1903-07-01,4.2,8.1,4.899715
1903-08-01,4.193679,7.3,5.0
1903-09-01,-1.5,-0.4,-0.9
1903-10-01,-12.9,-12.3,-12.7
1903-11-01,-21.5,-25.8,-21.699715
1903-12-01,-17.8,-20.1,-18.6
1904-01-01,-29.4,-31.9,-29.4
1904-02-01,-33.7,-34.1,-35.70632
1904-03-01,-30.1,-29.8,-31.000286
1904-04-01,-17.9,-16.3,-17.100286
1904-05-01,-6.5,-5.7,-6.0108347
1904-06-01,3.5,4.7,3.0891652
1904-07-01,6.9,10.6,6.589165
1904-08-01,0.9,4.5,2.2
1904-09-01,-3.9936788,-2.6,-3.3002853
1904-10-01,-11.5,-10.4,-10.499715
1904-11-01,-19.3,-23.7,-19.5
1904-12-01,-18.3,-20.9,-19.2
1905-01-01,-22.1,-25.6,-24.299713
1905-02-01,-21.7,-22.2,-24.100286
1905-03-01,-22.5,-22.2,-23.21055
1905-04-01,-14.9,-13.9,-15.210549
1905-05-01,-5.3,-4.4,-4.6108346
1905-06-01,2.3,4.1,2.995201
1905-07-01,3.2,7.6,4.2891655
1905-08-01,2.9936788,6.4,4.0
1905-09-01,-4.0,-2.6,-3.1
1905-10-01,-11.4,-10.6,-11.1
1905-11-01,-13.8,-17.8,-13.789451
1905-12-01,-27.3,-28.3,-26.7
1906-01-01,-38.3,-40.3,-37.606033
1906-02-01,-24.5,-25.0,-26.706322
1906-03-01,-21.7,-21.7,-22.900286
1906-04-01,-19.7,-18.3,-19.400286
1906-05-01,-7.0,-5.8,-6.0108347
1906-06-01,2.6,4.2,3.1952012
1906-07-01,4.2,8.2,4.8994293
1906-08-01,2.9,6.2,3.7
1906-09-01,-0.8,0.4,-0.20028532
1906-10-01,-7.893679,-7.3,-7.7
1906-11-01,-19.9,-23.8,-19.599714
1906-12-01,-28.1,-30.5,-29.9
1907-01-01,-22.4,-26.1,-24.7
1907-02-01,-35.1,-35.6,-37.20632
1907-03-01,-27.3,-27.5,-29.100286
1907-04-01,-17.1,-15.8,-17.01055
1907-05-01,-5.9,-4.4,-4.4002852
1907-06-01,1.3,3.0,1.8891653
1907-07-01,3.7,7.8,4.3994293
1907-08-01,4.193679,7.5,4.8954864
1907-09-01,-1.3,0.0,-0.60028535
1907-10-01,-11.6,-10.6,-10.7
1907-11-01,-21.1,-24.2,-19.7
1907-12-01,-24.0,-24.3,-22.3
1908-01-01,-27.0,-27.9,-24.695488
1908-02-01,-23.7,-25.3,-27.5
1908-03-01,-27.5,-27.6,-29.01055
1908-04-01,-20.5,-18.5,-19.200287
1908-05-01,-5.8,-4.8,-5.1108346
1908-06-01,1.9,3.9,2.7891653
1908-07-01,5.4,9.4,5.799715
1908-08-01,2.393679,5.9,3.4954865
1908-09-01,-4.2,-2.7,-3.0063212
1908-10-01,-12.1,-12.0,-13.089451
1908-11-01,-19.1,-22.5,-18.399714
1908-12-01,-20.1,-22.0,-21.2
1909-01-01,-31.3,-35.3,-34.4
1909-02-01,-30.9,-31.9,-34.1
1909-03-01,-29.3,-27.5,-27.41055
1909-04-01,-20.5,-20.1,-21.700287
1909-05-01,-7.2,-6.1,-6.310835
1909-06-01,0.3,2.4,1.4846518
1909-07-01,5.1,9.0,5.599429
1909-08-01,3.0936787,6.1,3.5
1909-09-01,-3.0,-2.0,-2.6002853
1909-10-01,-12.1,-11.6,-12.1
1909-11-01,-22.4,-27.6,-24.0
1909-12-01,-26.8,-28.1,-26.8
1910-01-01,-29.8,-31.6,-28.806034
1910-02-01,-30.0,-30.9,-33.000286
1910-03-01,-27.3,-26.8,-27.71055
1910-04-01,-23.5,-21.4,-21.900286
1910-05-01,-7.7,-6.3,-6.410835
1910-06-01,-0.1,2.2,1.3846518
1910-07-01,2.9,7.5,4.399715
1910-08-01,2.6,5.8,3.0
1910-09-01,-0.1,0.9,0.2997147
1910-10-01,-10.693679,-10.1,-10.6
1910-11-01,-18.5,-23.0,-19.0
1910-12-01,-27.5,-29.0,-27.8
1911-01-01,-30.5,-34.3,-32.999714
1911-02-01,-23.8,-23.5,-25.00632
1911-03-01,-30.2,-29.2,-29.810549
1911-04-01,-21.5,-20.7,-22.000286
1911-05-01,-7.8,-6.6,-6.7108345
1911-06-01,1.5,3.2,1.9891653
1911-07-01,4.6,8.9,5.499429
1911-08-01,3.393679,6.6,4.0
1911-09-01,0.4,1.3,0.4
1911-10-01,-5.493679,-5.0,-5.8
1911-11-01,-19.4,-24.2,-20.6
1911-12-01,-25.4,-26.2,-24.4
1912-01-01,-20.8,-23.9,-22.395487
1912-02-01,-22.7,-21.9,-22.71055
1912-03-01,-20.9,-20.7,-22.01055
1912-04-01,-15.0,-14.4,-16.100286
1912-05-01,-4.8,-4.0,-4.5108347
1912-06-01,-0.1,1.4,-0.010834655
1912-07-01,4.706321,8.4,4.5997148
1912-08-01,3.1936789,6.3,3.6
1912-09-01,-0.6,0.5,-0.20028532
1912-10-01,-8.893679,-7.9,-8.299715
1912-11-01,-16.7,-21.0,-17.299713
1912-12-01,-25.5,-26.8,-25.4
1913-01-01,-31.4,-34.5,-32.7
1913-02-01,-21.69368,-22.2,-24.3
1913-03-01,-23.6,-24.2,-25.9
1913-04-01,-18.8,-17.7,-18.900286
1913-05-01,-6.1,-5.4,-5.810835
1913-06-01,4.1,5.3,3.595201
1913-07-01,4.4,8.2,4.599429
1913-08-01,1.9,5.2,2.6894507
1913-09-01,-2.9,-1.7,-2.106321
1913-10-01,-10.8,-10.6,-11.399714
1913-11-01,-18.6,-22.6,-18.4
1913-12-01,-24.7,-26.0,-24.4
1914-01-01,-26.4,-29.2,-27.2
1914-02-01,-23.793678,-23.7,-24.900286
1914-03-01,-26.8,-26.3,-27.1
1914-04-01,-19.3,-18.4,-19.600286
1914-05-01,-7.1,-5.9,-6.100285
1914-06-01,2.6,4.2,2.8952012
1914-07-01,4.3,8.2,4.5997148
1914-08-01,4.3,7.5,4.9
1914-09-01,-3.2,-1.9,-2.4002855
1914-10-01,-6.593679,-5.8,-6.2
1914-11-01,-17.8,-21.4,-17.0
1914-12-01,-14.3,-16.9,-17.1
1915-01-01,-22.2,-23.9,-21.006035
1915-02-01,-29.1,-28.7,-29.900286
1915-03-01,-22.0,-21.6,-22.51055
1915-04-01,-15.4,-13.7,-14.600286
1915-05-01,-5.106321,-4.0,-4.2108345
1915-06-01,2.7,4.7,3.595201
1915-07-01,5.5,10.0,6.7994294
1915-08-01,3.5,7.0,4.6
1915-09-01,-0.4,0.8,0.2997147
1915-10-01,-13.893679,-13.1,-13.5
1915-11-01,-19.0,-22.7,-18.2
1915-12-01,-24.9,-26.2,-24.7
1916-01-01,-24.7,-27.9,-26.395487
1916-02-01,-28.59368,-29.0,-30.500286
1916-03-01,-31.4,-30.9,-31.91055
1916-04-01,-16.5,-14.7,-15.700285
1916-05-01,-7.9,-6.5,-6.600285
1916-06-01,1.3,3.3,2.2846518
1916-07-01,4.3,8.3,4.799715
1916-08-01,3.5936787,6.9,4.3894506
1916-09-01,-0.5,0.6,-0.00028530668
1916-10-01,-7.493679,-6.9,-7.5
1916-11-01,-19.2,-22.9,-18.5
1916-12-01,-29.7,-30.8,-29.3
1917-01-01,-32.5,-34.3,-31.499714
1917-02-01,-22.5,-23.3,-25.4
1917-03-01,-23.8,-23.7,-24.9
1917-04-01,-18.0,-16.7,-17.800285
1917-05-01,-7.7,-6.8,-7.2108345
1917-06-01,0.7,2.4,1.0891653
1917-07-01,2.9,6.8,3.2994294
1917-08-01,4.693679,7.9,5.3
1917-09-01,-0.8,0.6,0.19367893
1917-10-01,-10.093679,-9.4,-9.999715
1917-11-01,-25.7,-29.3,-24.8
1917-12-01,-32.6,-35.8,-35.49368
1918-01-01,-26.4,-28.5,-25.906034
1918-02-01,-28.69368,-28.6,-30.2
1918-03-01,-31.2,-31.2,-32.400288
1918-04-01,-22.1,-20.5,-21.300285
1918-05-01,-9.5,-8.4,-8.610835
1918-06-01,-0.9,1.2,0.089165345
1918-07-01,5.4,9.5,6.099429
1918-08-01,2.8,6.0,3.4
1918-09-01,0.5,1.9,1.3997147
1918-10-01,-10.793679,-9.9,-10.395486
1918-11-01,-22.90632,-25.7,-20.895487
1918-12-01,-25.7,-27.0,-25.6
1919-01-01,-28.5,-30.4,-27.695488
1919-02-01,-25.0,-25.3,-27.000286
1919-03-01,-27.1,-27.7,-29.504513
1919-04-01,-18.3,-16.7,-17.700287
1919-05-01,-6.6,-5.7,-6.1108346
1919-06-01,-1.5,0.4,-0.7108346
1919-07-01,4.6,8.8,5.4891653
1919-08-01,3.5,7.1,4.7954865
1919-09-01,-0.7,0.7,0.19971469
1919-10-01,-10.1,-9.6,-10.3
1919-11-01,-19.8,-24.4,-20.899714
1919-12-01,-24.1,-26.1,-25.3
1920-01-01,-29.9,-32.3,-30.199715
1920-02-01,-21.7,-20.9,-22.1
1920-03-01,-30.5,-29.8,-30.61055
1920-04-01,-23.3,-21.6,-22.600286
1920-05-01,-10.1,-8.9,-9.110835
1920-06-01,1.0,2.8,1.5952011
1920-07-01,2.9,7.3,4.0997148
1920-08-01,2.7,6.0,3.5
1920-09-01,-2.0,-0.7,-1.3002852
1920-10-01,-11.9,-11.5,-12.199715
1920-11-01,-18.206322,-21.7,-17.499714
1920-12-01,-24.4,-25.6,-24.6
1921-01-01,-28.4,-31.7,-29.899714
1921-02-01,-28.8,-29.0,-30.600286
1921-03-01,-25.6,-25.2,-26.300285
1921-04-01,-19.0,-17.7,-18.900286
1921-05-01,-7.2,-6.4,-6.906321
1921-06-01,0.9,3.0,2.1846519
1921-07-01,5.9,9.6,5.799715
1921-08-01,4.9,8.1,5.5
1921-09-01,-1.2,-0.6,-1.6
1921-10-01,-9.2,-8.8,-9.48945
1921-11-01,-15.0,-20.3,-17.299713
1921-12-01,-22.5,-23.4,-22.0
1922-01-01,-22.3,-24.8,-22.4
1922-02-01,-25.9,-26.5,-28.500286
1922-03-01,-27.0,-27.5,-29.3
1922-04-01,-17.6,-16.6,-18.000286
1922-05-01,-10.6,-9.2,-9.200285
1922-06-01,0.1,1.8,0.48916534
1922-07-01,2.5,6.7,3.2994294
1922-08-01,3.0,6.0,3.3894508
1922-09-01,-3.2,-1.9,-2.5002854
1922-10-01,-10.8,-8.9,-8.699715
1922-11-01,-19.9,-23.2,-18.599714
1922-12-01,-21.6,-24.0,-23.6
1923-01-01,-30.5,-32.2,-29.6
1923-02-01,-24.893679,-24.2,-25.4
1923-03-01,-28.7,-28.0,-29.0
1923-04-01,-18.4,-17.1,-18.21055
1923-05-01,-5.8,-5.1,-5.706321
1923-06-01,1.7,3.5,2.3891654
1923-07-01,5.7,9.7,6.1997147
1923-08-01,6.8,10.0,7.3
1923-09-01,-1.5,0.0,-0.40632108
1923-10-01,-5.8,-4.6,-4.9
1923-11-01,-16.00632,-19.6,-15.295486
1923-12-01,-29.7,-31.1,-29.9
1924-01-01,-28.50632,-29.6,-26.395487
1924-02-01,-31.6,-30.8,-31.600286
1924-03-01,-22.1,-21.1,-21.91055
1924-04-01,-26.3,-24.8,-25.800285
1924-05-01,-9.0,-7.3,-7.1108346
1924-06-01,0.2,2.1,1.0891653
1924-07-01,3.2,7.1,3.5933936
1924-08-01,2.5,5.9,3.4
1924-09-01,-3.6,-1.7,-2.1002853
1924-10-01,-14.8,-13.5,-13.6
1924-11-01,-18.0,-21.1,-16.599714
1924-12-01,-23.6,-26.3,-26.2
1925-01-01,-33.8,-36.7,-34.695488
1925-02-01,-34.69368,-34.3,-35.5
1925-03-01,-27.6,-27.2,-28.11055
1925-04-01,-17.8,-16.9,-18.310549
1925-05-01,-6.6,-5.4,-5.5108347
1925-06-01,2.7,4.0,2.495201
1925-07-01,5.7,9.0,5.089165
1925-08-01,5.7,8.3,5.3894506
1925-09-01,1.0,1.9,0.9997147
1925-10-01,-5.093679,-4.7,-5.499715
1925-11-01,-19.4,-22.0,-16.899714
1925-12-01,-26.00632,-26.7,-24.7
1926-01-01,-23.5,-22.9,-18.4
1926-02-01,-28.9,-28.2,-29.106321
1926-03-01,-25.4,-22.9,-22.600286
1926-04-01,-15.3,-14.1,-15.500285
1926-05-01,-7.4,-6.0,-6.000285
1926-06-01,3.0,4.6,3.1891654
1926-07-01,5.3,9.0,5.1997147
1926-08-01,4.8,7.7,4.7954865
1926-09-01,1.906321,2.6,1.3997147
1926-10-01,-5.5,-5.5,-6.799715
1926-11-01,-12.8,-17.3,-14.0
1926-12-01,-26.2,-27.6,-26.70423
1927-01-01,-25.9,-28.0,-25.7
1927-02-01,-28.7,-27.6,-28.300285
1927-03-01,-28.6,-27.9,-28.71055
1927-04-01,-21.4,-20.6,-21.700287
1927-05-01,-5.1,-4.7,-5.500285
1927-06-01,2.9,4.3,2.7891653
1927-07-01,7.3,10.6,6.499715
1927-08-01,3.6,6.9,4.3
1927-09-01,-2.0936787,-1.2,-1.9002852
1927-10-01,-11.793679,-11.3,-11.999715
1927-11-01,-19.3,-25.4,-22.495487
1927-12-01,-24.7,-27.7,-27.8
1928-01-01,-21.6,-23.8,-21.599714
1928-02-01,-22.2,-21.9,-23.200287
1928-03-01,-29.8,-29.9,-31.21055
1928-04-01,-16.4,-16.5,-18.700287
1928-05-01,-7.0,-6.1,-6.5108347
1928-06-01,3.2,4.3,2.595201
1928-07-01,6.0,9.4,5.2891655
1928-08-01,3.5,6.6,3.9
1928-09-01,-1.2,-0.3,-1.1002853
1928-10-01,-8.4,-8.6,-9.9
1928-11-01,-14.8,-18.4,-13.88945
1928-12-01,-24.1,-24.3,-22.4
1929-01-01,-23.0,-24.9,-23.0
1929-02-01,-24.4,-23.9,-25.4
1929-03-01,-29.7,-29.3,-30.01055
1929-04-01,-16.5,-16.0,-17.600286
1929-05-01,-6.7,-5.7,-6.0108347
1929-06-01,1.4,3.2,1.8952011
1929-07-01,3.1,7.1,3.3997147
1929-08-01,3.7936788,6.8,4.1894503
1929-09-01,1.7,3.1,2.1
1929-10-01,-7.6,-6.7,-7.0894504
1929-11-01,-17.5,-20.4,-16.1
1929-12-01,-22.8,-25.1,-24.6
1930-01-01,-16.0,-20.9,-20.595488
1930-02-01,-32.1,-32.8,-34.3
1930-03-01,-29.9,-28.6,-28.900286
1930-04-01,-19.2,-18.4,-19.900286
1930-05-01,-6.5,-5.0,-5.1108346
1930-06-01,3.0,4.3,2.7891653
1930-07-01,6.2,10.0,6.3891654
1930-08-01,3.8,7.1,4.8
1930-09-01,-0.4,0.7,0.0
1930-10-01,-8.6,-8.6,-9.589451
1930-11-01,-21.7,-25.5,-21.28945
1930-12-01,-23.30632,-23.9,-22.0
1931-01-01,-27.8,-28.2,-24.5
1931-02-01,-28.8,-26.6,-26.700287
1931-03-01,-24.3,-25.1,-27.4
1931-04-01,-16.1,-16.1,-18.11055
1931-05-01,-7.1,-6.8,-7.406321
1931-06-01,1.3,2.9,1.5952011
1931-07-01,3.3,7.3,3.6997147
1931-08-01,2.8,5.8,3.0
1931-09-01,-2.7,-1.0,-1.4002852
1931-10-01,-12.9,-11.5,-11.4
1931-11-01,-17.9,-21.2,-16.8
1931-12-01,-24.4,-26.4,-25.3
1932-01-01,-30.4,-32.8,-30.195488
1932-02-01,-31.5,-32.7,-34.7
1932-03-01,-22.6,-22.7,-24.5
1932-04-01,-16.0,-14.9,-16.200287
1932-05-01,-6.2,-5.2,-5.306321
1932-06-01,1.9,3.1,1.4952011
1932-07-01,4.9,8.8,5.0997148
1932-08-01,1.593679,5.2,3.0
1932-09-01,-1.2,-0.2,-0.8
1932-10-01,-8.3,-7.9,-8.8
1932-11-01,-21.5,-26.6,-23.4
1932-12-01,-21.1,-24.2,-24.49368
1933-01-01,-31.5,-34.3,-31.999714
1933-02-01,-28.4,-29.0,-30.800285
1933-03-01,-25.5,-25.8,-27.4
1933-04-01,-16.9,-15.8,-17.400286
1933-05-01,-7.6,-6.5,-6.7108345
1933-06-01,-0.3,1.2,-0.31083468
1933-07-01,4.1,7.8,3.9997146
1933-08-01,3.393679,6.6,4.2
1933-09-01,-2.6,-1.2,-1.8002852
1933-10-01,-11.593679,-11.1,-11.899714
1933-11-01,-21.4,-24.2,-19.799713
1933-12-01,-26.293678,-30.5,-31.2
1934-01-01,-34.0,-36.3,-33.39549
1934-02-01,-23.4,-23.1,-24.5
1934-03-01,-27.4,-27.0,-28.11055
1934-04-01,-19.0,-17.1,-18.200287
1934-05-01,-8.1,-7.0,-7.1108346
1934-06-01,1.2,2.7,1.1952012
1934-07-01,4.0,7.6,3.7997146
1934-08-01,2.9936788,6.2,3.5894506
1934-09-01,-0.2,0.6,-0.7002853
1934-10-01,-7.0,-6.4,-7.1997147
1934-11-01,-17.5,-22.2,-18.599714
1934-12-01,-19.8,-21.7,-21.4
1935-01-01,-24.3,-27.8,-26.495487
1935-02-01,-24.2,-23.5,-24.200287
1935-03-01,-23.09368,-24.9,-27.9
1935-04-01,-17.2,-16.9,-19.000286
1935-05-01,-10.1,-9.0,-9.206321
1935-06-01,0.4,1.9,0.48916534
1935-07-01,4.7,8.6,4.9891653
1935-08-01,3.3,5.6,2.3894508
1935-09-01,-0.8,-0.2,-1.3
1935-10-01,-7.6,-8.0,-9.589451
1935-11-01,-21.1,-25.4,-21.98945
1935-12-01,-27.0,-29.1,-28.1
1936-01-01,-26.5,-28.6,-27.0
1936-02-01,-31.7,-32.5,-35.1
1936-03-01,-27.6,-26.7,-27.51055
1936-04-01,-15.8,-16.0,-18.000286
1936-05-01,-8.4,-6.7,-6.7108345
1936-06-01,3.8,5.1,3.4891653
1936-07-01,4.7,8.4,4.5997148
1936-08-01,5.8,8.8,6.0
1936-09-01,-1.6,-0.8,-1.8002852
1936-10-01,-10.793679,-9.8,-10.4
1936-11-01,-18.2,-22.0,-18.0
1936-12-01,-25.5,-28.5,-28.6
1937-01-01,-19.90632,-21.4,-19.095488
1937-02-01,-26.7,-28.4,-30.400286
1937-03-01,-27.1,-26.7,-27.200287
1937-04-01,-20.1,-19.1,-20.11055
1937-05-01,-7.3,-7.0,-7.700285
1937-06-01,2.5,4.2,2.8891654
1937-07-01,4.9,8.5,4.689165
1937-08-01,3.3,5.9,3.0954864
1937-09-01,0.8,1.8,1.1
1937-10-01,-6.193679,-5.8,-6.6997147
1937-11-01,-13.4,-18.0,-14.3
1937-12-01,-21.1,-24.5,-24.6
1938-01-01,-28.5,-31.3,-28.699715
1938-02-01,-28.19368,-29.3,-30.800285
1938-03-01,-26.7,-26.0,-26.6
1938-04-01,-17.7,-16.4,-17.700287
1938-05-01,-6.5,-5.4,-5.810835
1938-06-01,2.5,3.5,1.6952012
1938-07-01,5.6,9.4,5.9933934
1938-08-01,4.5,7.6,5.0
1938-09-01,-0.5,1.7,1.7
1938-10-01,-4.6,-3.6,-4.3
1938-11-01,-14.1,-18.5,-14.9
1938-12-01,-23.606321,-24.8,-23.7
1939-01-01,-29.9,-30.8,-27.5
1939-02-01,-27.5,-27.9,-30.2
1939-03-01,-27.3,-27.3,-28.50632
1939-04-01,-12.7,-13.2,-15.700285
1939-05-01,-7.9,-6.6,-6.700285
1939-06-01,1.7,3.3,1.9952011
1939-07-01,4.4,8.4,5.089165
1939-08-01,3.6936789,6.6,3.8
1939-09-01,0.20632108,0.6,-0.5
1939-10-01,-7.793679,-8.4,-10.0
1939-11-01,-22.2,-25.8,-20.699715
1939-12-01,-19.9,-21.4,-20.3
1940-01-01,-23.0,-24.4,-21.2
1940-02-01,-27.6,-26.4,-26.9
1940-03-01,-23.9,-23.8,-25.100286
1940-04-01,-13.3,-11.6,-13.000285
1940-05-01,-4.3,-4.2,-5.1105494
1940-06-01,0.9,2.6,1.1952012
1940-07-01,6.0,9.9,6.1997147
1940-08-01,4.693679,7.8,5.0
1940-09-01,1.4,2.4,1.6
1940-10-01,-5.793679,-5.7,-6.695486
1940-11-01,-13.3,-19.0,-16.199715
1940-12-01,-21.7,-23.7,-22.8
1941-01-01,-26.5,-28.9,-26.795486
1941-02-01,-22.9,-22.7,-24.4
1941-03-01,-27.0,-26.2,-27.100286
1941-04-01,-17.4,-15.6,-16.800285
1941-05-01,-6.4,-5.2,-5.410835
1941-06-01,1.6,3.5,2.3952012
1941-07-01,2.5,6.9,3.7891653
1941-08-01,4.6,7.8,5.095486
1941-09-01,0.1,0.8,-0.20028532
1941-10-01,-9.9,-10.3,-11.4
1941-11-01,-19.4,-24.1,-20.0
1941-12-01,-21.7,-25.0,-25.19368
1942-01-01,-19.9,-22.9,-20.799713
1942-02-01,-22.393679,-22.0,-23.7
1942-03-01,-28.0,-27.1,-27.7
1942-04-01,-15.7,-15.1,-16.900286
1942-05-01,-6.9,-4.7,-4.310835
1942-06-01,1.9,4.0,2.884652
1942-07-01,5.7,9.8,6.0997148
1942-08-01,4.093679,7.6,5.0
1942-09-01,0.7,2.0,1.0997148
1942-10-01,-8.3,-7.1,-7.299715
1942-11-01,-20.3,-24.9,-21.0
1942-12-01,-27.2,-30.6,-30.189451
1943-01-01,-30.99368,-33.8,-31.195488
1943-02-01,-25.6,-24.2,-25.2
1943-03-01,-25.1,-25.2,-26.8
1943-04-01,-17.7,-16.2,-17.000286
1943-05-01,-3.6,-3.2,-3.7108347
1943-06-01,2.8,4.7,3.4891653
1943-07-01,4.4,8.7,5.299715
1943-08-01,3.3,6.4,3.8
1943-09-01,-0.9,0.4,-0.1
1943-10-01,-6.993679,-6.5,-7.0997148
1943-11-01,-14.4,-17.9,-13.5
1943-12-01,-22.706322,-23.4,-21.6
1944-01-01,-26.4,-27.5,-24.006035
1944-02-01,-23.0,-22.3,-23.7
1944-03-01,-25.3,-25.3,-26.41055
1944-04-01,-18.7,-17.2,-18.00632
1944-05-01,-7.1,-5.9,-6.006321
1944-06-01,2.3,3.9,2.5891652
1944-07-01,4.8,8.9,5.299715
1944-08-01,2.5,5.6,3.1954865
1944-09-01,-1.4,-0.7,-1.4
1944-10-01,-6.9,-6.5,-7.3
1944-11-01,-19.7,-22.8,-18.2
1944-12-01,-23.3,-24.2,-22.7
1945-01-01,-24.0,-24.7,-21.995487
1945-02-01,-27.49368,-26.1,-26.71055
1945-03-01,-28.30632,-27.2,-27.7
1945-04-01,-16.8,-17.6,-19.700287
1945-05-01,-9.1,-8.5,-8.7108345
1945-06-01,-0.6,1.1,0.18916535
1945-07-01,3.8,7.8,4.299715
1945-08-01,1.193679,4.8,2.8
1945-09-01,-1.4,-0.4,-1.2
1945-10-01,-9.6,-8.8,-9.1
1945-11-01,-23.3,-27.9,-23.7
1945-12-01,-24.0,-25.1,-24.2
1946-01-01,-25.50632,-27.3,-24.806034
1946-02-01,-26.9,-26.8,-28.300285
1946-03-01,-27.9,-28.2,-29.200287
1946-04-01,-22.3,-20.2,-20.900286
1946-05-01,-6.8,-5.6,-5.5108347
1946-06-01,1.6,3.8,2.8952012
1946-07-01,5.0,9.1,5.599429
1946-08-01,3.1936789,6.1,3.7954865
1946-09-01,-2.4,-1.2,-1.7063211
1946-10-01,-7.4,-6.7,-7.4
1946-11-01,-17.2,-22.9,-19.799713
1946-12-01,-29.7,-33.0,-32.599712
1947-01-01,-31.2,-34.3,-31.4
1947-02-01,-26.293678,-26.8,-28.900286
1947-03-01,-26.5,-24.6,-24.30632
1947-04-01,-17.5,-17.0,-18.51055
1947-05-01,-7.2,-6.0,-6.1108346
1947-06-01,0.2,1.6,0.18916535
1947-07-01,5.0,9.0,5.3891654
1947-08-01,2.7,5.1,2.1
1947-09-01,-1.0,-0.4,-1.2
1947-10-01,-9.5,-8.5,-8.795486
1947-11-01,-15.3,-18.5,-14.0
1947-12-01,-21.3,-21.8,-20.3
1948-01-01,-26.90632,-28.0,-25.306034
1948-02-01,-25.49368,-25.4,-26.400286
1948-03-01,-27.1,-26.3,-26.700287
1948-04-01,-17.2,-16.4,-17.600286
1948-05-01,-9.106321,-7.6,-7.4002852
1948-06-01,0.3,2.4,1.3952011
1948-07-01,4.4,8.4,5.0997148
1948-08-01,2.0,5.4,3.1894507
1948-09-01,-3.6,-2.2,-2.4063213
1948-10-01,-11.393679,-10.4,-10.799715
1948-11-01,-21.9,-26.1,-21.9
1948-12-01,-29.3,-32.1,-31.8
1949-01-01,-25.0,-27.4,-25.195488
1949-02-01,-28.8,-29.1,-30.800285
1949-03-01,-20.5,-19.8,-20.6
1949-04-01,-23.0,-21.7,-22.500286
1949-05-01,-9.2,-8.4,-8.806321
1949-06-01,-0.8,0.9,-0.31083468
1949-07-01,3.9,7.8,4.0997148
1949-08-01,4.8,7.9,5.4954863
1949-09-01,1.1,2.4,1.7997147
1949-10-01,-5.9,-5.9,-6.7
1949-11-01,-13.9,-17.5,-13.4
1949-12-01,-24.6,-27.1,-26.4
1950-01-01,-20.4,-24.2,-22.4
1950-02-01,-31.69368,-33.7,-36.0
1950-03-01,-23.50632,-22.3,-23.0
1950-04-01,-16.7,-15.7,-16.800285
1950-05-01,-6.9,-5.5,-5.5108347
1950-06-01,1.0,3.2,2.3891654
1950-07-01,5.3,9.2,5.4891653
1950-08-01,4.693679,7.8,5.095486
1950-09-01,0.2,1.4,0.9997147
1950-10-01,-6.7,-7.1,-8.3
1950-11-01,-13.0,-19.2,-15.995486
1950-12-01,-23.1,-25.1,-24.0
1951-01-01,-32.7,-35.0,-32.595486
1951-02-01,-29.59368,-29.4,-30.7
1951-03-01,-28.2,-28.8,-30.0
1951-04-01,-15.9,-14.9,-16.310549
1951-05-01,-6.5,-5.6,-6.000285
1951-06-01,1.7,3.1,1.5891653
1951-07-01,5.8,9.4,5.693679
1951-08-01,5.5,9.0,6.695486
1951-09-01,0.0,1.3,0.8
1951-10-01,-7.6,-8.3,-9.6
1951-11-01,-12.6,-16.7,-12.789451
1951-12-01,-23.6,-25.8,-24.999714
1952-01-01,-27.4,-30.4,-28.406034
1952-02-01,-29.0,-29.2,-30.8
1952-03-01,-26.7,-26.3,-27.21055
1952-04-01,-20.5,-19.1,-20.000286
1952-05-01,-9.7,-8.8,-8.906321
1952-06-01,0.4,2.2,0.98916537
1952-07-01,4.8,8.7,5.193393
1952-08-01,3.5,6.3,3.6894507
1952-09-01,-1.9,-1.3,-2.1
1952-10-01,-8.093679,-7.4,-7.7
1952-11-01,-13.4,-16.3,-11.595487
1952-12-01,-22.8,-24.1,-23.0
1953-01-01,-28.7,-32.1,-30.306034
1953-02-01,-28.293678,-27.2,-28.000286
1953-03-01,-27.5,-27.0,-27.8
1953-04-01,-16.0,-14.4,-15.200285
1953-05-01,-6.0,-5.1,-5.600285
1953-06-01,2.1,4.2,3.1891654
1953-07-01,4.2,8.5,5.299715
1953-08-01,2.4,6.1,3.9894507
1953-09-01,-0.5,0.6,-0.00028530668
1953-10-01,-11.3,-9.8,-9.795486
1953-11-01,-17.9,-22.3,-18.58945
1953-12-01,-26.1,-27.1,-26.2
1954-01-01,-27.6,-30.5,-28.406034
1954-02-01,-31.3,-30.7,-31.300285
1954-03-01,-23.4,-22.4,-22.900286
1954-04-01,-17.2,-17.3,-19.100286
1954-05-01,-7.1,-6.5,-7.1108346
1954-06-01,1.2,2.4,0.88916534
1954-07-01,4.2,8.2,4.6997147
1954-08-01,6.693679,9.6,6.9
1954-09-01,0.5,1.2,0.2997147
1954-10-01,-6.7,-6.2,-6.9
1954-11-01,-16.6,-19.9,-15.699715
1954-12-01,-28.80632,-30.8,-29.5
1955-01-01,-24.5,-26.4,-24.2
1955-02-01,-33.093678,-32.9,-33.700287
1955-03-01,-27.6,-27.1,-28.1
1955-04-01,-19.6,-17.9,-18.400286
1955-05-01,-8.3,-6.8,-6.8002853
1955-06-01,0.5,2.5,1.5952011
1955-07-01,4.5,8.9,5.5997148
1955-08-01,1.3,4.5,1.9
1955-09-01,-1.9936789,-0.3,-0.6063211
1955-10-01,-12.5,-10.6,-10.4
1955-11-01,-24.7,-29.1,-25.095488
1955-12-01,-26.8,-28.7,-27.9
1956-01-01,-28.5,-31.5,-29.006035
1956-02-01,-31.8,-32.1,-33.2
1956-03-01,-25.9,-24.4,-24.600286
1956-04-01,-17.4,-15.9,-16.900286
1956-05-01,-6.0,-5.3,-5.7108345
1956-06-01,0.2,2.2,1.1952012
1956-07-01,4.6,8.9,5.7891655
1956-08-01,1.2,5.0,2.6997147
1956-09-01,-0.7,0.3,-0.4
1956-10-01,-12.7,-11.8,-12.1
1956-11-01,-24.5,-27.9,-23.2
1956-12-01,-26.9,-29.6,-28.5
1957-01-01,-20.0,-22.4,-20.1
1957-02-01,-30.09368,-29.6,-30.71055
1957-03-01,-25.9,-24.7,-25.41055
1957-04-01,-14.2,-13.5,-14.900285
1957-05-01,-6.6,-5.9,-6.4002852
1957-06-01,2.0,3.5,1.7952011
1957-07-01,4.6,8.6,5.199429
1957-08-01,5.8,9.7,7.8
1957-09-01,-1.4,0.0,-0.5002853
1957-10-01,-7.4,-6.8,-7.3
1957-11-01,-18.3,-22.6,-19.4
1957-12-01,-29.7,-31.7,-30.9
1958-01-01,-26.6,-28.4,-26.299713
1958-02-01,-26.9,-28.4,-31.1
1958-03-01,-23.7,-23.6,-24.9
1958-04-01,-17.1,-15.9,-17.01055
1958-05-01,-7.706321,-6.1,-5.910835
1958-06-01,2.6,4.9,4.2891655
1958-07-01,5.3,10.4,7.693393
1958-08-01,5.6,9.5,7.3
1958-09-01,0.9,2.2,1.693679
1958-10-01,-9.6,-9.8,-10.3
1958-11-01,-17.706322,-22.1,-18.1
1958-12-01,-23.0,-25.3,-24.8
1959-01-01,-27.3,-30.8,-28.999714
1959-02-01,-21.7,-21.3,-22.300285
1959-03-01,-32.80632,-32.4,-32.70632
1959-04-01,-20.0,-18.6,-19.700287
1959-05-01,-6.8,-6.6,-7.2108345
1959-06-01,1.7,3.0,1.2891653
1959-07-01,3.0,7.2,3.8997147
1959-08-01,3.2,5.8,2.7954865
1959-09-01,-1.193679,-0.3,-1.2002853
1959-10-01,-9.393679,-9.4,-10.38945
1959-11-01,-20.1,-25.1,-21.9
1959-12-01,-29.80632,-30.1,-28.9
1960-01-01,-29.9,-32.4,-30.9
1960-02-01,-22.69368,-23.0,-24.606321
1960-03-01,-24.1,-25.1,-26.2
1960-04-01,-20.8,-19.4,-20.400286
1960-05-01,-5.6,-4.5,-4.810835
1960-06-01,0.8,2.8,1.7952011
1960-07-01,4.0,7.8,3.9933937
1960-08-01,2.4,5.8,3.3894508
1960-09-01,-3.1,-1.4,-1.6002853
1960-10-01,-10.4,-9.2,-9.5
1960-11-01,-22.2,-26.5,-22.5
1960-12-01,-20.3,-21.5,-20.7
1961-01-01,-23.1,-26.2,-24.899714
1961-02-01,-31.8,-31.0,-32.4
1961-03-01,-29.90632,-29.8,-30.7
1961-04-01,-21.6,-21.4,-23.000286
1961-05-01,-5.5,-4.7,-5.206321
1961-06-01,1.7,3.6,2.3952012
1961-07-01,4.0,8.4,5.0997148
1961-08-01,2.8,6.2,3.9
1961-09-01,0.5,1.3,0.4997147
1961-10-01,-10.2,-10.4,-11.4
1961-11-01,-18.6,-23.8,-20.195488
1961-12-01,-28.8,-31.4,-30.599714
1962-01-01,-20.90632,-23.6,-21.495487
1962-02-01,-21.0,-21.4,-22.900286
1962-03-01,-25.6,-26.0,-27.4
1962-04-01,-18.6,-17.6,-18.700287
1962-05-01,-8.5,-8.1,-8.606321
1962-06-01,1.8,3.6,2.3952012
1962-07-01,5.4,9.2,5.599429
1962-08-01,5.693679,8.9,6.4894505
1962-09-01,-1.3,-0.2,-0.9
1962-10-01,-8.2,-6.9,-7.1
1962-11-01,-16.7,-20.8,-16.88945
1962-12-01,-23.00632,-24.2,-22.7
1963-01-01,-22.393679,-26.4,-25.1
1963-02-01,-26.09368,-25.8,-27.100286
1963-03-01,-28.4,-27.3,-27.8
1963-04-01,-15.9,-14.5,-15.100286
1963-05-01,-4.1,-3.3,-3.5063212
1963-06-01,1.2,2.7,1.6891654
1963-07-01,3.7,8.2,5.089165
1963-08-01,3.1,7.1,5.1
1963-09-01,-0.9,0.5,-0.3
1963-10-01,-10.9,-9.6,-10.0
1963-11-01,-21.8,-26.2,-22.295486
1963-12-01,-19.6,-21.1,-20.4
1964-01-01,-29.0,-31.3,-29.0
1964-02-01,-32.4,-29.9,-30.700287
1964-03-01,-31.2,-30.9,-31.810549
1964-04-01,-22.9,-21.7,-23.200287
1964-05-01,-8.506321,-7.5,-7.310835
1964-06-01,0.6,2.4,0.8952011
1964-07-01,4.1,7.9,4.1997147
1964-08-01,2.9,6.4,3.8954866
1964-09-01,-1.6,-0.1,-0.7
1964-10-01,-9.3,-8.4,-8.9
1964-11-01,-18.2,-21.8,-17.6
1964-12-01,-30.9,-33.0,-31.5
1965-01-01,-28.7,-31.5,-29.995487
1965-02-01,-32.8,-33.5,-35.6
1965-03-01,-21.3,-19.9,-20.810549
1965-04-01,-16.7,-15.0,-15.706321
1965-05-01,-8.7,-7.4,-7.410835
1965-06-01,0.2,1.8,0.48916534
1965-07-01,3.9,7.7,4.099429
1965-08-01,3.1,6.4,4.0
1965-09-01,-0.6,1.0,0.2
1965-10-01,-13.1,-12.5,-12.9
1965-11-01,-12.306321,-17.4,-13.899714
1965-12-01,-25.4,-27.1,-26.2
1966-01-01,-27.7,-32.6,-31.406034
1966-02-01,-29.4,-29.8,-31.300285
1966-03-01,-30.7,-29.6,-30.2
1966-04-01,-20.8,-20.1,-21.600286
1966-05-01,-8.606321,-7.0,-7.0108347
1966-06-01,1.9,4.0,2.6952012
1966-07-01,4.1,8.6,5.5997148
1966-08-01,2.7,6.0,3.5
1966-09-01,0.1,1.8,1.3936789
1966-10-01,-8.1,-7.5,-8.38945
1966-11-01,-15.3,-20.2,-16.395487
1966-12-01,-25.5,-27.0,-25.5
1967-01-01,-24.6,-27.5,-25.006035
1967-02-01,-27.2,-28.2,-30.200287
1967-03-01,-22.5,-23.1,-24.3
1967-04-01,-14.8,-14.3,-15.700285
1967-05-01,-5.9,-4.9,-5.106321
1967-06-01,1.7,3.5,2.2891653
1967-07-01,4.0,7.9,4.499429
1967-08-01,3.0,6.1,3.3894508
1967-09-01,-2.0,-0.6,-1.3002852
1967-10-01,-10.493679,-10.3,-11.1
1967-11-01,-18.7,-22.0,-17.9
1967-12-01,-22.7,-24.4,-23.3
1968-01-01,-24.0,-27.0,-24.695488
1968-02-01,-31.5,-30.8,-32.3
1968-03-01,-24.1,-23.0,-23.61055
1968-04-01,-20.3,-18.9,-19.900286
1968-05-01,-6.2,-5.1,-5.200285
1968-06-01,1.1,3.1,1.9891653
1968-07-01,6.5,10.7,7.2994294
1968-08-01,5.593679,8.4,5.5
1968-09-01,-0.5,0.3,-0.4
1968-10-01,-9.0,-8.5,-8.9
1968-11-01,-19.4,-23.3,-19.4
1968-12-01,-26.1,-28.2,-27.1
1969-01-01,-25.9,-30.5,-28.395487
1969-02-01,-28.393679,-29.5,-31.300285
1969-03-01,-25.1,-24.6,-25.7
1969-04-01,-15.8,-13.6,-14.300285
1969-05-01,-5.4,-4.7,-5.0108347
1969-06-01,2.1,3.6,2.295201
1969-07-01,3.0,7.3,3.9997146
1969-08-01,0.4,3.4,0.8
1969-09-01,-0.3,0.8,0.0
1969-10-01,-7.293679,-5.6,-5.6
1969-11-01,-22.7,-26.1,-22.2
1969-12-01,-20.6,-21.5,-20.7
1970-01-01,-26.7,-29.4,-27.6
1970-02-01,-25.7,-25.7,-27.5
1970-03-01,-26.4,-25.6,-26.71055
1970-04-01,-18.8,-16.8,-17.900286
1970-05-01,-6.9,-5.8,-6.310835
1970-06-01,1.0,2.6,1.2952011
1970-07-01,4.2,8.4,5.189165
1970-08-01,2.9,7.1,5.1
1970-09-01,-3.5,-2.6,-3.3002853
1970-10-01,-16.1,-15.2,-15.5
1970-11-01,-18.5,-21.8,-17.299713
1970-12-01,-24.2,-26.9,-26.3
1971-01-01,-30.7,-34.8,-32.795486
1971-02-01,-32.69368,-32.2,-33.7
1971-03-01,-28.9,-28.6,-29.2
1971-04-01,-20.4,-19.5,-21.000286
1971-05-01,-7.906321,-6.3,-6.4002852
1971-06-01,2.8,5.0,4.089165
1971-07-01,5.4,9.6,6.299715
1971-08-01,1.9,5.3,2.6894507
1971-09-01,-0.5,0.4,-0.4
1971-10-01,-10.4,-10.0,-10.88945
1971-11-01,-18.6,-23.0,-18.9
1971-12-01,-24.1,-26.2,-25.5
1972-01-01,-27.6,-30.5,-27.9
1972-02-01,-29.0,-29.6,-30.700287
1972-03-01,-30.0,-29.3,-29.606321
1972-04-01,-20.6,-19.6,-20.800285
1972-05-01,-7.2,-6.6,-7.3002853
1972-06-01,1.1,3.2,2.095201
1972-07-01,6.506321,9.9,5.999715
1972-08-01,5.393679,8.7,6.2
1972-09-01,-0.8,-0.4,-1.5
1972-10-01,-6.7,-6.3,-7.0894504
1972-11-01,-17.3,-21.5,-17.6
1972-12-01,-20.5,-22.7,-21.8
1973-01-01,-26.5,-28.8,-25.806034
1973-02-01,-25.19368,-26.0,-27.5
1973-03-01,-29.3,-29.0,-30.204514
1973-04-01,-18.7,-16.8,-17.800285
1973-05-01,-6.6,-5.2,-5.2108345
1973-06-01,1.3,3.2,1.9952011
1973-07-01,4.5,8.8,5.4891653
1973-08-01,3.9,7.3,4.8
1973-09-01,0.9,2.4,1.9
1973-10-01,-8.6,-8.5,-9.499715
1973-11-01,-16.4,-21.7,-17.995487
1973-12-01,-21.3,-23.1,-22.5
1974-01-01,-25.0,-27.6,-24.906034
1974-02-01,-34.2,-34.2,-35.2
1974-03-01,-28.4,-28.2,-29.3
1974-04-01,-20.8,-19.7,-21.300285
1974-05-01,-7.3,-6.3,-6.910835
1974-06-01,-0.2,1.4,-0.004798882
1974-07-01,4.506321,8.2,4.589165
1974-08-01,5.6,8.0,4.9
1974-09-01,0.9,1.6,0.4
1974-10-01,-13.5,-13.4,-14.3
1974-11-01,-22.1,-26.5,-22.4
1974-12-01,-32.3,-33.2,-32.2
1975-01-01,-31.8,-34.6,-32.7
1975-02-01,-25.99368,-26.7,-28.300285
1975-03-01,-22.4,-22.0,-22.9
1975-04-01,-20.0,-18.3,-19.100286
1975-05-01,-6.9,-5.5,-5.700285
1975-06-01,1.1,3.5,2.3891654
1975-07-01,4.1,9.1,5.5997148
1975-08-01,2.7,6.2,3.6954865
1975-09-01,-3.5,-1.9,-2.6
1975-10-01,-13.2,-11.8,-12.095487
1975-11-01,-24.0,-28.0,-24.0
1975-12-01,-29.5,-31.3,-30.2
1976-01-01,-28.0,-30.7,-28.795486
1976-02-01,-31.6,-31.4,-32.400288
1976-03-01,-26.2,-26.2,-27.4
1976-04-01,-18.4,-15.2,-15.606321
1976-05-01,-7.5,-6.0,-6.100285
1976-06-01,1.1,2.9,1.5891653
1976-07-01,4.2,8.4,4.8994293
1976-08-01,4.493679,8.3,5.9
1976-09-01,0.6,2.1,1.693679
1976-10-01,-10.193679,-9.8,-10.499715
1976-11-01,-15.5,-17.9,-13.399714
1976-12-01,-27.1,-29.3,-29.3
1977-01-01,-21.09368,-24.2,-22.999714
1977-02-01,-25.1,-24.5,-26.0
1977-03-01,-31.00632,-30.3,-31.5
1977-04-01,-21.3,-19.3,-19.90632
1977-05-01,-6.9,-5.5,-5.6108346
1977-06-01,1.7,3.4,2.1891654
1977-07-01,5.106321,8.7,4.899715
1977-08-01,7.193679,10.2,7.3894506
1977-09-01,1.6,2.7,2.0
1977-10-01,-7.2,-6.2,-6.5
1977-11-01,-20.90632,-25.0,-20.699715
1977-12-01,-23.0,-25.0,-23.9
1978-01-01,-19.7,-22.3,-20.206036
1978-02-01,-25.2,-24.5,-25.600286
1978-03-01,-23.80632,-22.9,-23.6
1978-04-01,-16.5,-15.5,-16.810549
1978-05-01,-7.5,-7.3,-8.2108345
1978-06-01,1.0,2.0,0.59520113
1978-07-01,5.7,9.7,6.2994294
1978-08-01,3.9,7.0,4.195486
1978-09-01,1.3,2.9,2.5
1978-10-01,-13.0,-12.7,-13.4
1978-11-01,-14.4,-18.0,-13.7
1978-12-01,-24.0,-24.6,-23.3
1979-01-01,-19.2,-21.9,-19.306034
1979-02-01,-30.0,-30.6,-31.3
1979-03-01,-26.393679,-27.2,-28.9
1979-04-01,-17.6,-16.4,-17.300285
1979-05-01,-5.8,-4.0,-4.000285
1979-06-01,1.3,3.0,1.9846518
1979-07-01,6.2,10.5,7.299715
1979-08-01,7.293679,10.4,7.8894506
1979-09-01,1.5,2.5,1.8
1979-10-01,-6.9,-5.7,-6.2
1979-11-01,-12.0,-14.6,-10.3
1979-12-01,-26.5,-28.1,-26.9
1980-01-01,-26.4,-28.9,-26.795486
1980-02-01,-22.4,-21.6,-22.700287
1980-03-01,-23.7,-23.7,-25.0
1980-04-01,-18.9,-17.7,-19.200287
1980-05-01,-6.9,-6.2,-6.8002853
1980-06-01,2.8,4.6,3.6952012
1980-07-01,3.7063212,7.7,4.0997148
1980-08-01,2.4,6.3,4.2
1980-09-01,-3.2,-2.3,-3.1002853
1980-10-01,-8.593679,-7.1,-7.195486
1980-11-01,-18.8,-21.7,-17.399714
1980-12-01,-28.3,-30.4,-29.1
1981-01-01,-16.80632,-17.3,-14.699715
1981-02-01,-25.793678,-25.4,-26.8
1981-03-01,-22.3,-21.2,-22.4
1981-04-01,-17.1,-15.9,-16.800285
1981-05-01,-4.3,-2.9,-2.9108348
1981-06-01,2.0,3.4,2.095201
1981-07-01,4.4,8.4,4.9933934
1981-08-01,2.0,5.5,3.1894507
1981-09-01,-2.6,-1.0,-1.5
1981-10-01,-9.2,-7.8,-8.1
1981-11-01,-17.9,-21.4,-17.499714
1981-12-01,-23.0,-24.1,-22.799713
1982-01-01,-25.2,-29.6,-28.395487
1982-02-01,-22.49368,-23.5,-24.706322
1982-03-01,-24.8,-24.7,-25.91055
1982-04-01,-18.8,-17.1,-17.90632
1982-05-01,-8.4,-7.1,-7.310835
1982-06-01,1.9,3.8,2.6891654
1982-07-01,4.9,9.7,6.7891655
1982-08-01,3.5,6.7,4.1
1982-09-01,-0.5,1.3,0.9997147
1982-10-01,-13.7,-13.3,-13.8
1982-11-01,-21.8,-26.8,-23.499714
1982-12-01,-22.59368,-25.3,-25.3
1983-01-01,-28.6,-31.6,-29.795486
1983-02-01,-26.0,-25.9,-27.6
1983-03-01,-25.4,-26.0,-27.51055
1983-04-01,-16.0,-15.7,-17.21055
1983-05-01,-7.793679,-8.1,-9.300285
1983-06-01,1.9,4.1,3.0891652
1983-07-01,4.4,8.5,4.9891653
1983-08-01,2.2,6.3,4.499715
1983-09-01,-3.7936788,-2.4,-2.7063212
1983-10-01,-13.593679,-13.1,-13.799715
1983-11-01,-16.7,-20.4,-16.38945
1983-12-01,-18.4,-21.4,-20.7
1984-01-01,-26.4,-28.7,-26.295486
1984-02-01,-35.7,-34.6,-35.406322
1984-03-01,-26.09368,-25.6,-26.904512
1984-04-01,-23.0,-20.0,-20.400286
1984-05-01,-8.4,-6.4,-6.2108345
1984-06-01,3.1,4.8,3.4891653
1984-07-01,4.9,8.7,4.8891654
1984-08-01,3.1,6.2,3.5
1984-09-01,0.8,1.5,0.69971466
1984-10-01,-8.5,-8.4,-9.38945
1984-11-01,-21.8,-27.1,-23.699715
1984-12-01,-25.0,-27.8,-27.7
1985-01-01,-19.9,-22.4,-20.795486
1985-02-01,-28.2,-29.1,-30.7
1985-03-01,-25.2,-23.6,-24.100286
1985-04-01,-23.2,-21.9,-23.30632
1985-05-01,-6.1,-4.6,-4.700285
1985-06-01,1.8936789,3.9,2.6952012
1985-07-01,4.7,8.3,4.2933936
1985-08-01,4.293679,7.2,4.6
1985-09-01,-1.4,0.1,-0.20632108
1985-10-01,-11.993679,-11.4,-12.0
1985-11-01,-17.4,-22.0,-17.8
1985-12-01,-19.9,-21.0,-20.1
1986-01-01,-25.7,-27.9,-26.299713
1986-02-01,-22.59368,-22.6,-23.900286
1986-03-01,-28.00632,-27.6,-28.51055
1986-04-01,-22.2,-21.0,-21.900286
1986-05-01,-7.0,-6.7,-7.5105495
1986-06-01,2.0,3.9,2.6952012
1986-07-01,5.7,9.3,5.589165
1986-08-01,3.8,6.7,4.1894503
1986-09-01,1.6,3.0,2.3042283
1986-10-01,-9.593679,-9.0,-9.789451
1986-11-01,-18.7,-24.3,-21.095488
1986-12-01,-20.4,-22.3,-21.893679
1987-01-01,-24.5,-25.6,-23.195488
1987-02-01,-28.0,-27.7,-29.2
1987-03-01,-24.6,-24.5,-25.700287
1987-04-01,-20.393679,-19.3,-21.11055
1987-05-01,-6.4,-5.8,-6.5108347
1987-06-01,2.1,4.0,2.884652
1987-07-01,5.3,9.9,6.7891655
1987-08-01,4.593679,8.1,5.8
1987-09-01,-1.8,0.2,-0.00028530668
1987-10-01,-5.7,-5.1,-5.7894506
1987-11-01,-19.8,-23.1,-19.08945
1987-12-01,-23.5,-24.4,-23.1
1988-01-01,-22.8,-25.5,-23.495487
1988-02-01,-25.1,-24.4,-25.8
1988-03-01,-24.8,-22.8,-23.3
1988-04-01,-16.4,-14.9,-15.700285
1988-05-01,-6.1,-5.1,-5.500285
1988-06-01,1.9,4.1,3.0846517
1988-07-01,5.1,9.7,6.3994293
1988-08-01,3.2,6.9,4.4894505
1988-09-01,-1.4,0.0,-0.40632108
1988-10-01,-15.0,-13.6,-13.4
1988-11-01,-24.5,-28.9,-25.4
1988-12-01,-22.1,-22.7,-21.7
1989-01-01,-32.6,-34.8,-31.999714
1989-02-01,-18.7,-19.7,-21.2
1989-03-01,-24.6,-24.8,-25.810549
1989-04-01,-14.2,-12.9,-13.800285
1989-05-01,-7.6,-6.3,-6.310835
1989-06-01,2.5,4.1,2.8891654
1989-07-01,7.1,11.1,7.5997148
1989-08-01,7.3,10.4,7.8894506
1989-09-01,1.5,2.3,1.3997147
1989-10-01,-8.3,-7.8,-8.4
1989-11-01,-24.2,-28.8,-24.999714
1989-12-01,-22.2,-23.7,-23.2
1990-01-01,-30.4,-33.1,-31.395487
1990-02-01,-33.2,-33.4,-34.60632
1990-03-01,-23.4,-21.2,-21.4
1990-04-01,-13.4,-11.0,-11.51055
1990-05-01,-3.0,-2.2,-2.6002853
1990-06-01,3.3,5.1,3.8891654
1990-07-01,6.8,11.1,7.8891654
1990-08-01,4.5,7.8,5.195486
1990-09-01,-0.6,0.5,-0.1
1990-10-01,-8.6,-7.6,-7.9
1990-11-01,-22.0,-26.8,-23.1
1990-12-01,-26.8,-28.6,-27.8
1991-01-01,-24.9,-26.3,-23.406034
1991-02-01,-27.5,-27.3,-28.600286
1991-03-01,-27.2,-26.2,-26.9
1991-04-01,-15.9,-14.2,-15.200285
1991-05-01,-2.9,-1.5,-1.5108347
1991-06-01,3.4,4.8,3.295201
1991-07-01,4.2,7.6,3.8891654
1991-08-01,2.9,5.7,2.9
1991-09-01,-0.1,1.4,0.89971465
1991-10-01,-7.993679,-7.9,-8.88945
1991-11-01,-20.8,-25.4,-21.599714
1991-12-01,-25.1,-27.5,-27.293678
1992-01-01,-26.4,-27.9,-25.3
1992-02-01,-29.0,-28.8,-29.9
1992-03-01,-23.6,-21.8,-21.800285
1992-04-01,-17.9,-17.1,-18.41055
1992-05-01,-7.8,-7.3,-7.506321
1992-06-01,2.6,4.5,3.295201
1992-07-01,5.5,9.7,6.2891655
1992-08-01,4.293679,7.9,5.695486
1992-09-01,-3.9,-3.1,-3.9
1992-10-01,-11.5,-11.4,-12.295486
1992-11-01,-18.3,-21.4,-16.895487
1992-12-01,-24.0,-26.0,-25.295486
1993-01-01,-25.106321,-26.1,-22.806034
1993-02-01,-23.4,-22.9,-24.000286
1993-03-01,-24.00632,-22.4,-22.6
1993-04-01,-13.9,-12.6,-14.000285
1993-05-01,-5.0,-4.0,-4.310835
1993-06-01,3.1,4.8,3.5891652
1993-07-01,7.7,11.5,7.7891655
1993-08-01,3.2,6.7,4.4
1993-09-01,-0.6,0.5,0.0997147
1993-10-01,-5.8,-5.4,-6.2894506
1993-11-01,-15.9,-20.1,-16.299713
1993-12-01,-21.6,-22.3,-21.4
1994-01-01,-23.2,-25.9,-24.595488
1994-02-01,-23.8,-25.9,-28.8
1994-03-01,-28.3,-26.6,-26.5
1994-04-01,-17.8,-15.7,-16.600286
1994-05-01,-6.306321,-4.3,-4.100285
1994-06-01,1.0,2.9,1.8891653
1994-07-01,6.0,10.8,7.589165
1994-08-01,5.893679,9.5,7.2954865
1994-09-01,-2.0,-0.8,-1.7
1994-10-01,-12.6,-10.2,-9.5
1994-11-01,-22.80632,-25.6,-21.0
1994-12-01,-26.6,-27.5,-26.1
1995-01-01,-24.606321,-26.3,-23.295486
1995-02-01,-26.0,-25.6,-27.0
1995-03-01,-27.8,-27.6,-28.41055
1995-04-01,-13.6,-11.6,-12.31055
1995-05-01,-3.1,-1.8,-2.0002854
1995-06-01,2.5,4.6,3.6891654
1995-07-01,5.3,9.5,6.099429
1995-08-01,3.393679,6.9,4.5894504
1995-09-01,2.1,3.2,2.1
1995-10-01,-7.9,-7.6,-8.499715
1995-11-01,-17.4,-23.1,-19.8
1995-12-01,-24.3,-26.4,-25.3
1996-01-01,-24.0,-28.8,-27.699715
1996-02-01,-27.5,-26.8,-27.00632
1996-03-01,-21.1,-21.9,-23.7
1996-04-01,-18.0,-17.0,-18.300285
1996-05-01,-4.1,-4.2,-5.2108345
1996-06-01,3.3,4.7,3.295201
1996-07-01,6.0,10.1,6.499715
1996-08-01,2.6,5.5,2.8
1996-09-01,-2.393679,-1.7,-2.6002853
1996-10-01,-14.2,-13.9,-14.5
1996-11-01,-15.1,-21.0,-17.695488
1996-12-01,-21.7,-24.0,-23.1
1997-01-01,-27.1,-29.7,-27.4
1997-02-01,-24.4,-23.8,-25.3
1997-03-01,-26.5,-26.8,-28.1
1997-04-01,-21.1,-17.3,-17.200287
1997-05-01,-5.5,-4.8,-5.3002853
1997-06-01,2.4,4.2,2.995201
1997-07-01,5.6,9.6,5.999715
1997-08-01,5.8,9.0,6.4954863
1997-09-01,1.906321,3.0,2.3
1997-10-01,-9.1,-9.5,-10.38945
1997-11-01,-12.9,-17.2,-13.3
1997-12-01,-24.2,-24.3,-22.6
1998-01-01,-25.4,-27.5,-26.0
1998-02-01,-25.8,-24.6,-25.30632
1998-03-01,-19.7,-19.1,-20.206322
1998-04-01,-11.5,-9.5,-10.300285
1998-05-01,-4.5,-2.5,-2.3108346
1998-06-01,3.4,5.1,3.7997146
1998-07-01,7.5,12.2,9.093394
1998-08-01,5.4,9.5,7.5
1998-09-01,2.3,3.7,3.1
1998-10-01,-5.2,-5.2,-6.3
1998-11-01,-11.9,-17.1,-13.699715
1998-12-01,-20.4,-21.5,-20.1
1999-01-01,-29.0,-30.6,-27.6
1999-02-01,-28.1,-28.2,-29.195772
1999-03-01,-27.1,-26.1,-26.6
1999-04-01,-18.4,-16.6,-17.500286
1999-05-01,-5.606321,-4.5,-4.706321
1999-06-01,2.6,4.3,2.995201
1999-07-01,5.7,9.1,4.999715
1999-08-01,6.0,10.0,7.9
1999-09-01,0.9,1.9,1.2997147
1999-10-01,-9.2,-8.9,-9.595487
1999-11-01,-19.2,-22.8,-18.195488
1999-12-01,-28.1,-28.9,-27.2
2000-01-01,-26.6,-28.0,-24.306034
2000-02-01,-24.09368,-23.3,-24.500286
2000-03-01,-23.8,-23.4,-24.41055
2000-04-01,-18.0,-16.7,-17.800285
2000-05-01,-9.4,-8.6,-9.006321
2000-06-01,3.2,4.8,3.4891653
2000-07-01,4.4,9.1,5.999715
2000-08-01,3.5,6.8,4.4954863
2000-09-01,-0.7,0.8,0.39367893
2000-10-01,-8.8,-7.9,-8.195486
2000-11-01,-16.6,-19.9,-15.7
2000-12-01,-19.8,-21.6,-21.0
2001-01-01,-22.9,-24.1,-21.406034
2001-02-01,-19.5,-20.3,-22.495771
2001-03-01,-25.9,-24.8,-25.3
2001-04-01,-16.7,-15.3,-16.500286
2001-05-01,-10.8,-9.2,-8.910834
2001-06-01,2.3,4.1,2.795201
2001-07-01,4.6,8.6,5.199429
2001-08-01,2.8,6.8,4.799715
2001-09-01,0.3,2.0,1.7
2001-10-01,-12.3,-10.8,-10.495486
2001-11-01,-18.2,-22.2,-17.6
2001-12-01,-24.3,-25.3,-23.5
2002-01-01,-26.706322,-27.0,-23.195488
2002-02-01,-26.9,-26.7,-28.100286
2002-03-01,-19.2,-21.0,-23.6
2002-04-01,-16.8,-16.9,-18.90632
2002-05-01,-3.8,-3.4,-4.4002852
2002-06-01,2.0,3.5,2.095201
2002-07-01,5.0,8.8,5.089165
2002-08-01,3.3,6.2,3.3997147
2002-09-01,1.9,2.8,1.9997147
2002-10-01,-4.993679,-4.9,-5.9
2002-11-01,-13.4,-16.5,-11.799715
2002-12-01,-18.8,-19.3,-17.2
2003-01-01,-23.8,-25.6,-23.0
2003-02-01,-25.5,-24.2,-25.304512
2003-03-01,-24.3,-24.6,-26.0
2003-04-01,-13.3,-12.8,-14.406321
2003-05-01,-5.6,-5.0,-5.6108346
2003-06-01,2.8,4.2,2.595201
2003-07-01,5.4,9.3,5.7933936
2003-08-01,3.1,6.6,4.2
2003-09-01,-0.2,0.8,0.19971469
2003-10-01,-5.0,-4.0,-4.4
2003-11-01,-16.0,-20.3,-16.7
2003-12-01,-22.8,-23.8,-22.2
2004-01-01,-23.8,-27.9,-26.595488
2004-02-01,-29.293678,-29.1,-30.400286
2004-03-01,-26.1,-26.8,-28.310549
2004-04-01,-15.9,-15.1,-16.700287
2004-05-01,-4.2,-3.9,-5.000285
2004-06-01,4.7,6.1,4.589165
2004-07-01,7.2,11.0,7.193393
2004-08-01,7.3,10.1,6.9954863
2004-09-01,0.0,0.9,0.2
2004-10-01,-6.2,-6.4,-7.5997148
2004-11-01,-16.0,-19.8,-15.699715
2004-12-01,-22.5,-24.3,-23.3
2005-01-01,-23.0,-24.7,-22.195488
2005-02-01,-25.5,-24.9,-26.0
2005-03-01,-22.2,-21.2,-22.000286
2005-04-01,-17.3,-15.4,-16.200287
2005-05-01,-4.8,-3.4,-3.606321
2005-06-01,2.2,3.5,1.9891653
2005-07-01,5.1,8.5,4.499715
2005-08-01,6.3,9.0,6.2
2005-09-01,1.2,2.2,1.4997147
2005-10-01,-6.4,-6.3,-7.1894503
2005-11-01,-19.7,-25.1,-21.495487
2005-12-01,-20.9,-21.4,-19.9
2006-01-01,-26.8,-28.7,-25.706036
2006-02-01,-22.3,-20.6,-21.100286
2006-03-01,-27.0,-26.1,-26.6
2006-04-01,-20.0,-17.7,-18.300285
2006-05-01,-4.6,-2.7,-2.5108347
2006-06-01,3.1,4.9,3.6997147
2006-07-01,4.8,9.3,5.999715
2006-08-01,3.2,7.0,4.9
2006-09-01,2.4,3.5,2.7
2006-10-01,-3.9,-3.5,-4.399715
2006-11-01,-16.1,-21.3,-18.099714
2006-12-01,-20.2,-21.1,-19.2
2007-01-01,-26.3,-28.3,-25.606035
2007-02-01,-23.4,-24.2,-25.8
2007-03-01,-27.4,-28.0,-29.1
2007-04-01,-13.3,-11.8,-12.910549
2007-05-01,-7.5,-5.6,-5.4105496
2007-06-01,2.9,4.6,3.3891654
2007-07-01,7.4,11.3,7.5997148
2007-08-01,7.2,10.0,7.0
2007-09-01,2.9,3.4,2.3997147
2007-10-01,-6.3,-6.5,-7.5
2007-11-01,-11.206321,-14.8,-10.395486
2007-12-01,-18.7,-20.5,-19.4
2008-01-01,-27.2,-29.5,-27.206036
2008-02-01,-26.8,-26.1,-26.900286
2008-03-01,-26.3,-25.8,-26.71055
2008-04-01,-14.3,-12.6,-13.306321
2008-05-01,-5.1,-3.5,-3.5108347
2008-06-01,2.9,4.6,3.3952012
2008-07-01,5.4,10.0,6.7933936
2008-08-01,3.7,7.3,4.8894506
2008-09-01,1.0,2.0,1.1997148
2008-10-01,-7.6,-8.2,-9.199715
2008-11-01,-16.706322,-20.4,-15.88945
2008-12-01,-18.7,-20.8,-19.9
2009-01-01,-25.9,-28.2,-25.895487
2009-02-01,-26.6,-25.8,-26.7
2009-03-01,-26.6,-26.9,-28.4
2009-04-01,-16.7,-15.3,-16.310549
2009-05-01,-3.9,-3.5,-4.100285
2009-06-01,2.4,3.8,2.3952012
2009-07-01,7.206321,10.8,6.8891654
2009-08-01,5.4,8.5,6.095486
2009-09-01,1.2,2.3,1.7997147
2009-10-01,-4.893679,-4.8,-5.8954864
2009-11-01,-18.6,-23.0,-18.795486
2009-12-01,-19.7,-21.8,-20.9
2010-01-01,-27.9,-29.5,-25.8
2010-02-01,-23.6,-23.4,-24.000286
2010-03-01,-24.7,-24.2,-24.300285
2010-04-01,-14.3,-12.8,-13.700285
2010-05-01,-6.0,-4.2,-4.1108346
2010-06-01,2.0,3.9,2.7891653
2010-07-01,5.5,9.4,5.6997147
2010-08-01,6.1,9.2,6.6
2010-09-01,2.4,2.6,1.3
2010-10-01,-6.1,-6.2,-7.3
2010-11-01,-12.9,-17.4,-13.699715
2010-12-01,-23.393679,-26.6,-26.6
2011-01-01,-23.1,-25.9,-23.699715
2011-02-01,-22.5,-23.4,-24.8
2011-03-01,-22.3,-22.8,-23.90632
2011-04-01,-18.1,-16.8,-17.900286
2011-05-01,-5.0,-3.9,-4.1108346
2011-06-01,2.6,3.6,1.9952011
2011-07-01,5.6,9.7,6.299715
2011-08-01,5.1,8.3,5.8954864
2011-09-01,2.1,3.2,2.4
2011-10-01,-5.7,-4.6,-4.7
2011-11-01,-19.2,-23.5,-19.0
2011-12-01,-22.8,-24.2,-23.5
2012-01-01,-31.706322,-34.5,-31.699715
2012-02-01,-23.9,-22.3,-22.900286
2012-03-01,-30.1,-29.9,-31.0
2012-04-01,-15.4,-13.8,-14.900285
2012-05-01,-6.206321,-4.9,-5.000285
2012-06-01,3.1,5.0,3.7891653
2012-07-01,6.6,10.8,7.799715
2012-08-01,6.493679,9.9,7.6894503
2012-09-01,0.8,2.8,2.6
2012-10-01,-4.893679,-6.5,-8.589451
2012-11-01,-15.806321,-20.4,-16.58945
2012-12-01,-24.5,-27.4,-26.8
2013-01-01,-22.4,-25.4,-23.899714
2013-02-01,-28.1,-27.7,-29.100286
2013-03-01,-23.2,-23.7,-24.9
2013-04-01,-18.59368,-18.9,-20.310549
2013-05-01,-6.6,-6.3,-6.806321
2013-06-01,4.4,6.2,4.8891654
2013-07-01,6.9,10.6,6.999715
2013-08-01,4.7,8.0,5.6
2013-09-01,-0.8,0.3,-0.3002853
2013-10-01,-4.1,-3.2,-3.9997146
2013-11-01,-15.1,-20.4,-17.395487
2013-12-01,-20.293678,-23.7,-23.7
2014-01-01,-19.8,-20.6,-17.506035
2014-02-01,-22.49368,-24.4,-27.3
2014-03-01,-21.4,-21.9,-23.8
2014-04-01,-15.3,-14.7,-16.206322
2014-05-01,-3.8,-3.3,-3.9002855
2014-06-01,1.4,2.8,1.4952011
2014-07-01,4.2,8.1,4.7891655
2014-08-01,4.6,7.8,5.3
2014-09-01,0.8,1.5,0.69971466
2014-10-01,-6.8,-7.1,-8.4
2014-11-01,-12.7,-17.4,-14.1
2014-12-01,-20.3,-20.5,-18.9
2015-01-01,-23.6,-26.2,-23.795486
2015-02-01,-21.4,-22.3,-24.5
2015-03-01,-24.6,-23.6,-24.51055
2015-04-01,-14.6,-13.3,-14.700285
2015-05-01,-2.1,-1.0,-1.3108346
2015-06-01,4.4,5.5,3.795201
2015-07-01,5.7,9.6,6.099429
2015-08-01,3.7,6.7,4.0
2015-09-01,-0.79367894,0.3,-0.2
2015-10-01,-6.1,-5.2,-5.6
2015-11-01,-15.5,-19.2,-15.089451
2015-12-01,-23.5,-24.8,-23.9
